harryyy ha10#4005 harrythom4646@gmail.com harry 1
Alex5858 alx58#1254 alex3030@gmail.com Alex 1
prynk prynk44 priyankasaravanan738@gmail.com Priyanka 1
shreyy shreyy05 shreyaradha2005@gmail.com Shreya 1
pauraviii paurv5050 pauravi.mishra@gmail.com Pauravi 1
vicc cic5090 vic50@gmail.com Victor 1